index;recommender_score;vader_polarity;vader_sentiment
19;0.8204278682259295;0.6705;Positive
16;0.4429044184990933;0.7271;Positive
117;0.41454812125813517;0.5994;Positive
145;0.4015799955787665;0.6249;Positive
203;0.36520238780306974;0.6369;Positive
64;0.3387504172114673;0.5574;Positive
207;0.3333333333333333;0.3365;Positive
163;0.31909868341139874;0.5267;Positive
77;0.3148111959177457;0.5106;Positive
56;0.2970362817191159;0.4404;Positive
